<?xml version="1.0" encoding="UTF-8"?>
<project-private xmlns="http://www.netbeans.org/ns/project-private/1">
    <editor-bookmarks xmlns="http://www.netbeans.org/ns/editor-bookmarks/2" lastBookmarkId="0"/>
    <open-files xmlns="http://www.netbeans.org/ns/projectui-open-files/2">
        <group>
            <file>file:/C:/Users/jdxd2/OneDrive/Documentos/NetBeansProjects/ProyectoProgra/src/com/presentacion/JFAdministrar.java</file>
            <file>file:/C:/Users/jdxd2/OneDrive/Documentos/NetBeansProjects/ProyectoProgra/src/com/presentacion/Login.java</file>
            <file>file:/C:/Users/jdxd2/OneDrive/Documentos/NetBeansProjects/ProyectoProgra/src/com/presentacion/JFTienda.java</file>
            <file>file:/C:/Users/jdxd2/OneDrive/Documentos/NetBeansProjects/ProyectoProgra/src/com/presentacion/JFRegistrar.java</file>
            <file>file:/C:/Users/jdxd2/OneDrive/Documentos/NetBeansProjects/ProyectoProgra/src/com/presentacion/JFDashboard.java</file>
            <file>file:/C:/Users/jdxd2/OneDrive/Documentos/NetBeansProjects/ProyectoProgra/src/com/entidad/Cliente.java</file>
            <file>file:/C:/Users/jdxd2/OneDrive/Documentos/NetBeansProjects/ProyectoProgra/src/com/presentacion/MenuInventario.java</file>
            <file>file:/C:/Users/jdxd2/OneDrive/Documentos/NetBeansProjects/ProyectoProgra/src/com/presentacion/MenuStock.java</file>
            <file>file:/C:/Users/jdxd2/OneDrive/Documentos/NetBeansProjects/ProyectoProgra/src/com/negocio/GestionTienda.java</file>
        </group>
    </open-files>
</project-private>
