<?xml version="1.0" encoding="UTF-8"?>
<project-private xmlns="http://www.netbeans.org/ns/project-private/1">
    <editor-bookmarks xmlns="http://www.netbeans.org/ns/editor-bookmarks/2" lastBookmarkId="0"/>
    <open-files xmlns="http://www.netbeans.org/ns/projectui-open-files/2">
        <group>
            <file>file:/C:/Users/jdxd2/OneDrive/Documentos/NetBeansProjects/ProyectoProgra/ProyectoProgra/ProyectoProgra/src/com/entidad/Cliente.java</file>
            <file>file:/C:/Users/jdxd2/OneDrive/Documentos/NetBeansProjects/ProyectoProgra/ProyectoProgra/ProyectoProgra/src/com/entidad/Venta.java</file>
            <file>file:/C:/Users/jdxd2/OneDrive/Documentos/NetBeansProjects/ProyectoProgra/ProyectoProgra/ProyectoProgra/src/com/entidad/Empleado.java</file>
            <file>file:/C:/Users/jdxd2/OneDrive/Documentos/NetBeansProjects/ProyectoProgra/ProyectoProgra/ProyectoProgra/src/com/entidad/Producto.java</file>
        </group>
    </open-files>
</project-private>
