[{"nombreCliente":"Juan Perez","cedulaCliente":"213412","usuarioCliente":"juan","contraseniaCliente":"1234","saldo":1234.0},{"nombreCliente":"Juan Perez","cedulaCliente":"213412","usuarioCliente":"juan","contraseniaCliente":"1234","saldo":1234.0},{"nombreCliente":"Juan Perez","cedulaCliente":"213412","usuarioCliente":"juan","contraseniaCliente":"1234","saldo":1233.2},{"nombreCliente":"Juan Perez","cedulaCliente":"213412","usuarioCliente":"juan","contraseniaCliente":"1234","saldo":1231.2},{"nombreCliente":"Juan Perez","cedulaCliente":"213412","usuarioCliente":"juan","contraseniaCliente":"1234","saldo":1226.0},{"nombreCliente":"Juan Perez","cedulaCliente":"213412","usuarioCliente":"juan","contraseniaCliente":"1234","saldo":1233.4},{"nombreCliente":"Melanie","cedulaCliente":"1724631443","usuarioCliente":"Mela123","contraseniaCliente":"Mel123","saldo":13.0},{"nombreCliente":"David","cedulaCliente":"1234567890","usuarioCliente":"David","contraseniaCliente":"12345","saldo":1000000.0},{"nombreCliente":"David","cedulaCliente":"1234567890","usuarioCliente":"David","contraseniaCliente":"12345","saldo":995004.0},{"nombreCliente":"David","cedulaCliente":"1234567890","usuarioCliente":"David","contraseniaCliente":"12345","saldo":990008.0},{"nombreCliente":"Alan brito","cedulaCliente":"123718902","usuarioCliente":"alan","contraseniaCliente":"1090","saldo":288.0}]