[{"cliente":{"saldo":0.0},"cantidad":0,"total":0.0,"nombreProducto":"Platano","idProducto":"0001","precio":0.2,"stock":200},{"cliente":{"saldo":0.0},"cantidad":0,"total":0.0,"nombreProducto":"Dorito","idProducto":"0002","precio":1.0,"stock":294},{"cliente":{"saldo":0.0},"cantidad":0,"total":0.0,"nombreProducto":"Pan","idProducto":"0003","precio":0.15,"stock":400},{"cliente":{"saldo":0.0},"cantidad":0,"total":0.0,"nombreProducto":"Escoba","idProducto":"0004","precio":1.0,"stock":300},{"cliente":{"saldo":0.0},"cantidad":0,"total":0.0,"nombreProducto":"Leche 1lt","idProducto":"0005","precio":0.9,"stock":100},{"cliente":{"saldo":0.0},"cantidad":0,"total":0.0,"nombreProducto":"Leche de chocolate 1lt","idProducto":"0006","precio":1.2,"stock":220},{"cliente":{"saldo":0.0},"cantidad":0,"total":0.0,"nombreProducto":"Pan integral","idProducto":"0007","precio":0.3,"stock":960},{"cliente":{"saldo":0.0},"cantidad":0,"total":0.0,"nombreProducto":"Jamon","idProducto":"0008","precio":0.99,"stock":200},{"cliente":{"saldo":0.0},"cantidad":0,"total":0.0,"nombreProducto":"220v 700ml","idProducto":"0009","precio":0.5,"stock":1992},{"cliente":{"saldo":0.0},"cantidad":0,"total":0.0,"nombreProducto":"Cocacola 1lt","idProducto":"0010","precio":1.5,"stock":300},{"cliente":{"saldo":0.0},"cantidad":0,"total":0.0,"nombreProducto":"Paquete de caramelos","idProducto":"0011","precio":5.6,"stock":624},{"cliente":{"saldo":0.0},"cantidad":0,"total":0.0,"nombreProducto":"Saco de arroz (24lb)","idProducto":"0012","precio":24.98,"stock":0},{"cliente":{"saldo":0.0},"cantidad":0,"total":0.0,"nombreProducto":"Paquete de croquetas procan","idProducto":"0013","precio":20.1,"stock":200},{"cliente":{"saldo":0.0},"cantidad":0,"total":0.0,"nombreProducto":"Yogurt Griego","idProducto":"0016","precio":2.0,"stock":11},{"cliente":{"saldo":0.0},"cantidad":0,"total":0.0,"nombreProducto":"Yogurt Griego","idProducto":"0015","precio":1.75,"stock":10}]