[{"codigoPedido":"PED1752666334624","productos":[{"nombreProducto":"0001","idProducto":"Platano","precio":0.2,"stock":3}],"total":0.6000000000000001,"fecha":"Jul 16, 2025, 6:45:34 AM","cedulaCliente":"213412"},{"codigoPedido":"PED1752668293812","productos":[{"nombreProducto":"0001","idProducto":"Platano","precio":0.2,"stock":4}],"total":0.8,"fecha":"Jul 16, 2025, 7:18:13 AM","cedulaCliente":"213412"},{"codigoPedido":"PED1752668496839","productos":[{"nombreProducto":"0002","idProducto":"Dorito","precio":1.0,"stock":2}],"total":2.0,"fecha":"Jul 16, 2025, 7:21:36 AM","cedulaCliente":"213412"},{"codigoPedido":"PED1752676395724","productos":[{"nombreProducto":"0001","idProducto":"Platano","precio":0.2,"stock":40}],"total":8.0,"fecha":"Jul 16, 2025, 9:33:15 AM","cedulaCliente":"213412"},{"codigoPedido":"Nro-1752679545533","productos":[{"nombreProducto":"0002","idProducto":"Dorito","precio":1.0,"stock":6}],"total":6.0,"fecha":"Jul 16, 2025, 10:25:45 AM","cedulaCliente":"213412"},{"codigoPedido":"Nro-1752679713625","productos":[{"nombreProducto":"0007","idProducto":"Pan integral","precio":0.3,"stock":40}],"total":12.0,"fecha":"Jul 16, 2025, 10:28:33 AM","cedulaCliente":"213412"},{"codigoPedido":"Nro-1752679779963","productos":[{"nombreProducto":"0009","idProducto":"220v 700ml","precio":0.5,"stock":8}],"total":4.0,"fecha":"Jul 16, 2025, 10:29:39 AM","cedulaCliente":"213412"},{"codigoPedido":"PED1752666334624","productos":[{"nombreProducto":"0001","idProducto":"Platano","precio":0.2,"stock":3}],"total":0.6000000000000001,"fecha":"Jul 16, 2025, 6:45:34 AM","cedulaCliente":"213412"},{"codigoPedido":"Nro-1752683511589","productos":[{"nombreProducto":"0012","idProducto":"Saco de arroz (24lb)","precio":24.98,"stock":200}],"total":4996.0,"fecha":"Jul 16, 2025, 11:31:51 AM","cedulaCliente":"1234567890"}]